t,S,E,I,R,V
0,3499.0,0.0,1.0,0.0,1.0
1,2806.379080373071,627.9537516869914,6.332221360958292,0.015502466193301786,1.1374703064679097
2,2155.509639176765,1205.4827309212128,21.28922833146954,0.08718568312098517,1.7856500743614492
3,1457.5418471602156,1821.5387928812388,45.700800979925276,0.26612609159154144,3.4147818016047324
4,792.9848838006661,2395.4613872233067,79.65096182387894,0.602845312394364,6.496731670947776
5,324.6959684283995,2766.7084404021243,120.76293298923453,1.142434463141686,11.460645288507072
6,94.72993289096627,2897.205406487791,165.0151482002231,1.9099139675668895,18.559678291659207
7,18.949656037428888,2874.475227146394,209.00254094042754,2.908546093966065,27.852862810007764
8,2.539377745070199,2794.9943826992017,251.05942507765053,4.127584559979751,39.272475244060104
9,0.2628688655541003,2704.445952308336,290.73946955798027,5.551065097338654,52.701949253391206
10,0.05618913362946282,2614.898297477398,328.03973263648385,7.162325276786937,68.01622407531113
11,0.03902140248313812,2528.1429114941834,363.05017483546703,8.94530341511998,85.09345569581504
12,0.033648516301763534,2444.2594711471143,395.8694219634546,10.884742585765766,103.81695473785244
13,0.029668156132879854,2363.162608159667,426.593283525885,12.966181621066832,124.07521535610361
14,0.02660311751592634,2284.760157494818,455.3139223411984,15.175922680717308,145.76172964007614
15,0.023999918066641056,2208.963005058625,482.1199369565742,17.500998362178738,168.77479335862344
16,0.02183358189293684,2135.6845811009707,507.0964910504936,19.929140022944075,193.01731810656187
17,0.020000726112044766,2064.8412707393363,530.3254362541899,22.448747326655806,218.3966502213061
18,0.01838083715761212,1996.3522573424218,551.8854327979457,25.048858983712925,244.82439631733547
19,0.01703247382758448,1930.1392338182848,571.8520662446936,27.71912464046394,272.2162552049626
20,0.01581782435608854,1866.1266897522546,590.2979589792118,30.449777874804354,300.49185597458336
21,0.014790755485548644,1804.241436297193,607.2928794509619,33.23161025893588,329.574602034054
22,0.013856761559700283,1744.4128634762837,622.9038461411571,36.05594644891639,359.3915208912822
23,0.013001107715287551,1686.5726309233783,637.1952289714296,38.91462026380921,389.87311947979424
24,0.012244055241624786,1630.6546347439466,650.2288466187745,41.7999517173543,420.9532448327826
25,0.011579050024015726,1576.5949939809575,662.0640604057926,44.70472496692928,452.5689499166205
26,0.010969227241369095,1524.3319811558988,672.7578649760379,47.62216714559117,484.6603644408847
27,0.010399015913169543,1473.8059000558685,682.3649758319543,50.545928044157606,517.1705704680287
28,0.009890481410507608,1424.9590011863336,690.9379137084235,53.470060611598775,550.0454826528213
29,0.009393230147895377,1377.7355260698769,698.5270858070619,56.38900224309534,583.2337329470557
30,0.008971135058835431,1332.0814565532246,705.1808644991445,59.29755682602742,616.6865596089423
31,0.008550700447755395,1287.9447051028565,710.945662725567,62.190877515631755,650.3577003661535
32,0.008174888029600789,1245.274801111515,715.8660072766164,65.06445021252307,684.2032895811725
33,0.007838653752039806,1204.0229979390228,719.9846090038271,67.91407771586208,718.1817592786894
34,0.007507520417779798,1164.1421986203338,723.3424307308351,70.73586452643018,752.2537438949978
35,0.007214559780902568,1125.5868049517628,725.978752802315,73.52620227502344,786.3819886164647
36,0.006924798145027954,1088.3128011577744,727.9312360773899,76.28175575249696,820.5312611789999
37,0.00666325419009538,1052.2775754141755,729.2359829050959,78.9994495184575,854.6682670031436
38,0.006397709380569782,1017.4399885261236,729.9275957042292,81.67645506667007,888.7615675459494
39,0.006177811640509109,983.7601876759169,730.0392336524667,84.31017852581529,922.7815017529043
40,0.005948098924178063,951.1997480726498,729.6026670856013,86.89824887523254,956.700110499252
41,0.005743042124288068,919.7214337974415,728.6483302328165,89.4385066557792,990.491063911695
42,0.0055329458434271155,889.289309516407,727.2053717954093,91.92899315691956,1024.1295914676575
43,0.005357806851740303,859.868565438478,725.3017039096949,94.36794006160935,1057.5924147707108
44,0.00517574051975311,831.4256292682107,722.9640491504771,96.75375953140981,1090.8576829061194
45,0.005013120860741623,803.9279775621477,720.2179860372387,99.0850347147353,1123.9049102822357
46,0.004833937587451551,777.3442293281284,717.0879927158228,101.36051066192674,1156.7149168682915
47,0.004694349025328433,751.6439554846515,713.5974892348125,103.57908563128937,1189.2697707408738
48,0.004549468375157525,726.7978374887666,709.7688780850536,105.73980277096231,1221.552732855802
49,0.004398957993945674,702.7774881072614,705.6235834669308,107.8418421618911,1253.548203963669
50,0.004281068352724957,679.5554249519084,701.1820890413396,109.88451320784868,1285.2416735913826
51,0.0041479287427018344,657.1051638994597,696.4639742495269,111.86724735890533,1316.6196710142121
52,0.004030893135408675,635.4010233454251,691.487949461822,113.78959115522096,1347.6697181452514
53,0.003906780125783633,614.418228727914,686.2718896919605,115.65119957860715,1378.3802842725836
54,0.003805688224753333,594.1327763270369,680.8328672017814,117.45182969967102,1408.7407425759955
55,0.0036887522773610595,574.5215281767821,675.1871828046384,119.19133460888881,1438.7413283582764
56,0.0035884962973421904,555.5620451666745,669.3503961455996,120.86965762031501,1468.373098927731
57,0.0034892596700935503,537.2326810709021,663.3373547539998,122.48682673712645,1497.6278950714718
58,0.003395257795400508,519.5124897076379,657.1622221144154,124.04294936853357,1526.4983040605646
59,0.0033085204348164083,502.3812230841532,650.8385046666446,125.53820728803187,1554.9776241306504
60,0.003215636991352138,485.81932152522273,644.3790778170668,126.97285182331454,1583.0598303834213
61,0.003136528943794515,469.8078425186861,637.7962110160455,128.34719926853336,1610.739542056321
62,0.0030599759803898135,454.32850359550855,631.1015918658828,129.66162650995525,1638.0119911098054
63,0.002978716595995636,439.3636263140207,624.3063493769711,130.9165668563776,1664.872992083122
64,0.0029043111343803655,424.8961011855516,617.4210763547059,132.1125060660065,1691.3189131714694
65,0.002839254440304079,410.9093960374632,610.4558509414495,133.24997856180883,1717.3466484790247
66,0.0027664706085382363,397.38754763599405,603.4202573658231,134.3295638276475,1742.9535914039236
67,0.0027021130039115216,384.3150906102254,596.3234059417262,135.3518829777986,1768.1376091128468
68,0.002627448387220752,371.67710794003034,589.1739522820051,136.31759549274014,1792.897018064469
69,0.002565442817495989,359.45913728039085,581.9801158430746,137.22739611435196,1817.2305605423187
70,0.002509405450857369,347.6472258436181,574.7496977289377,138.08201189394947,1841.1373821592074
71,0.002450918297966544,336.22788651109454,567.4900978607889,138.88219938680243,1864.6170102965518
72,0.0023935227970107555,325.188068723677,560.2083314978352,139.62874198704642,1887.6693334433608
73,0.0023475181056241854,314.5151487787377,552.9110451318537,140.32244739712215,1910.294581400876
74,0.0022916335714930594,304.1969537574269,545.6045317746355,140.96414522610155,1932.4933063200845
75,0.0022395387473931995,294.2216810633625,538.2947456987245,141.55468471147373,1954.266364540464
76,0.0021913464643649786,284.5779334643898,530.9873165890699,142.09493255917928,1975.614899199548
77,0.0021463866432925283,275.25469329350045,523.6875631764142,142.5857708968732,1996.5403235838976
78,0.0020892417051984937,266.24132382820056,516.4005063466603,143.02809533559648,2017.0443051931968
79,0.002046445639913153,257.52750040654,509.13088177017477,143.4228131352169,2037.1287504901643
80,0.0020086327680376697,249.103276532576,501.883152016259,143.77084146918864,2056.7957903100205
81,0.0019649937480629882,240.9590380363166,494.6615182340819,144.07310578433942,2076.0477659041253
82,0.0019247197873724954,233.08547062765908,487.46993138331817,144.33053825157197,2094.8872155933723
83,0.001884208707242768,225.47358206698735,480.3121030217485,144.5440763035231,2113.316862007823
84,0.0018432437236109121,218.11467570443727,473.1915156903732,144.71466125537628,2131.339599889864
85,0.0018077697275456156,211.00033776666513,466.11143289569844,144.8432370051744,2148.958484439053
86,0.001773314947304067,204.12244433269518,459.0749087028792,144.93074881012353,2166.176720177582
87,0.0017326573863836832,197.47314437870378,452.0847969634781,144.97814213551422,2182.9976503160697
88,0.0017009950690113943,191.04482562424,445.14376018919205,144.98636157302155,2199.424746600125
89,0.0016624003236979951,184.83015940935715,438.25427806460044,144.95634982527352,2215.46159961886
90,0.0016303109802993045,178.8220317993585,431.4186556520066,144.88904675369787,2231.1119095571867
91,0.0016011625559654553,173.01358184968905,424.6390312542884,144.7853884867802,2246.379477374439
92,0.001567956018572168,167.39818019233795,417.91738398223424,144.64630658597724,2261.2681963924706
93,0.0015421309219209197,161.969399576296,411.2555410263402,144.47272726664065,2275.782044277002
94,0.001510621001749371,156.7210504899216,404.6551846303454,144.26557067141286,2289.9250753966203
95,0.0014832974583638859,151.64712662203664,398.1178588065787,144.02575019365716,2303.7014135443624
96,0.0014544179221803203,146.74183656905873,391.6449757698432,143.75417184858415,2317.115245007414
97,0.00142797059155701,141.99957186278147,385.2378221276766,143.45173368983015,2330.1708119709483
98,0.0014004666727022409,137.41491777773314,378.8975648167802,143.11932526933393,2342.8724062426963
99,0.0013774571913199255,132.98263062100526,372.6252568084276,142.75782713844598,2355.2243632852974
100,0.0013485302690285585,128.6976567544802,366.4218425785207,142.36811038828978,2367.231056543968
101,0.0013234534937653435,124.55509066055643,360.2881633681838,141.95103622747305,2378.8968920575176
102,0.0013024959030346383,120.55019903161701,354.22496222167075,141.50745559532822,2390.2263033411523
103,0.0012807836294814268,116.67841100591932,348.23288882633193,141.03820880893397,2401.2237465299554
104,0.0012547788144962675,112.93530645969923,342.31250415664573,140.54412524224261,2411.893695772355
105,0.0012348763643152438,109.31659835437021,336.46428493019937,140.02602303570754,2422.2406388632685
106,0.0012102497801078594,105.81816300986449,330.6886278746192,139.48470883487312,2432.269073107044
107,0.0011941462955020368,102.43599007884505,324.9858538317037,138.92097755645054,2441.9835014006258
108,0.0011736152675445918,99.16622825897267,319.3562116787904,138.33561218046904,2451.3884285277973
109,0.00115034239968458,96.00514003760298,313.79988210150833,137.7293835671476,2460.4883576556535
110,0.0011349756263125486,92.94910309856229,308.3169812034886,137.10305029719137,2469.2877870248235
111,0.001114611687727014,89.9946387136351,302.90756396237373,136.4573585342731,2477.79120682525
112,0.0010990500040512078,87.13836149295425,297.5716275522777,135.79304190850917,2486.0030962496744
113,0.0010755965573507778,84.37702073057966,292.30911451460656,135.11082141979495,2493.9279207172785
114,0.0010623372229586862,81.70744339551126,287.1199158084167,134.41140535990928,2501.570129260172
115,0.0010421516575910975,79.12659652187564,282.0038737162747,133.69548925234818,2508.934152065757
116,0.0010246893780598001,76.63152173992023,276.96078464313524,132.96375580888994,2516.0243981682447
117,0.001014041069423125,74.21936423994401,271.9904017838005,132.2168749019399,2522.8452532828205
118,0.0009938694275728928,71.88738438615698,267.09243767836176,131.45550355174248,2529.401077776281
119,0.000977278988272956,69.63290469192981,262.26656666537684,130.68028592758938,2535.6962047681163
120,0.0009651834063459146,67.45334841353144,257.5124272178431,129.89185336219333,2541.734938356329
121,0.0009498443437674023,65.34623306774898,252.8296241830092,129.09082437842864,2547.521551962439
122,0.0009366867222588656,63.309145768919265,248.21773092630428,128.27780472768043,2553.0602867903503
123,0.0009215791455964054,61.33976320056528,243.67629137591132,127.45338743907546,2558.3553503940116
124,0.0009074223189757665,59.43583236588005,239.2048219814219,126.61815287890212,2563.4109153489258
125,0.0008958985332266549,57.595176268391064,234.80281358263926,125.7726688195572,2568.231118022823
126,0.0008813291135068572,55.81569756979115,230.46973319509533,124.91749051738833,2572.820057440946
127,0.0008673653730684099,54.09535949440054,226.20502571769097,124.05316079882888,2577.1817942416105
128,0.0008546680103138021,52.432195828213956,222.0081155599684,123.18021015425182,2581.320349717851
129,0.000843961872083694,50.82430561809216,217.87840819689944,122.2991568389929,2585.2397049411566
130,0.0008298301171124886,49.269857207153365,213.81529165145434,121.41050698102302,2588.9437999634074
131,0.0008193112748738935,47.76706753690159,209.8181379112431,120.51475469477002,2592.436533093354
132,0.0008069833951466874,46.3142250364523,205.88630427498046,119.61238220061752,2595.721760244053
133,0.0007955824395700886,44.90966704033683,202.01913464043008,118.70385994962867,2598.8032943478534
134,0.0007840240537014006,43.55178987140726,198.2159607284341,117.7896467530652,2601.684904835675
135,0.0007753069955017863,42.23903910314516,194.47610325069815,116.87018991629371,2604.3703171774127
136,0.0007625164882229788,40.96992178508001,190.7988730195924,115.94592537668977,2606.8632124804776
137,0.0007546749169609896,39.74297887601387,187.18357200806662,115.01727784517043,2609.1672271435577
138,0.0007418825965410137,38.55681844981423,183.6294943523901,114.08466095100466,2611.285952562836
139,0.0007340676908590447,37.410075340286575,180.1359273123109,113.14847738956716,2613.2229348879987
140,0.0007287995618843923,36.30144178237786,176.7021521772743,112.20911907271991,2614.9816748254902
141,0.0007147999764286776,35.22966240365076,173.32744513049033,111.26696728152052,2616.5656274865396
142,0.0007067746300345033,34.19349794252714,170.01107807203582,110.322392820972,2617.9782022776617
143,0.0006962843951422555,33.19177298225899,166.75231939275756,109.37575617654545,2619.2227628313235
144,0.0006884500943869615,32.22333789035862,163.55043471556235,108.42740767221812,2620.3026269746547
145,0.0006811203693752975,31.287088344885042,160.40468759323682,107.47768762978566,2621.2210667341506
146,0.0006739895970732206,30.38195495156237,157.31434017196358,106.52692652921893,2621.981308374343
147,0.0006659101929986543,29.50690470953656,154.27865381847852,105.57544516984933,2622.586532468574
148,0.0006543112540640905,28.660940411226736,151.29688971353502,104.62355483217755,2623.0398740000524
149,0.000650581549156835,27.843084115835055,148.36830941417278,103.67155744011197,2623.344422491463
150,0.0006401590635266026,27.052415958663083,145.49217538049572,102.7197457234557,2623.503222161425
151,0.0006335218113914044,26.288022088635962,142.66775147989426,101.76840338046942,2623.5192721062667
152,0.0006277046548595382,25.549032122396795,139.89430345565486,100.81780524034801,2623.395526505531
153,0.000620214756197443,24.834604229917005,137.17109937241867,99.86821742545995,2623.1348948498107
154,0.0006114778007609853,24.14392172342745,134.49741003457694,98.91989751320519,2622.7402421894617
155,0.0006045016988127901,23.476192461147882,131.87250937943622,97.9730946973574,2622.214389402912
156,0.0006001981996952005,22.83065262441358,129.29567484613995,97.02804994876504,2621.5601134832496
157,0.0005899928215481385,22.20657323662388,126.76618772152281,96.08499617529287,2620.780147841907
158,0.0005873600192647956,21.60322778311163,124.28333346688345,95.1441583808932,2619.877182628236
159,0.0005808891117981264,21.01993833394255,121.84640201814068,94.20575382370446,2618.8538650639102
160,0.0005733888399832496,20.456035648937604,119.45468807220261,93.26999217308018,2617.712799791039
161,0.0005697656277122755,19.910870538883565,117.10749135049753,92.33707566545947,2616.456549233028
162,0.0005637223635818121,19.383826431555224,114.80411684421041,91.40719925899496,2615.0876339671863
163,0.0005587518335916159,18.87429766517245,112.54387504444836,90.48055078686137,2613.608533108158
164,0.0005509626690569711,18.381705975641005,110.32608215309831,89.55731110917348,2612.021684701325
165,0.0005470664144434847,17.905481843133447,108.15006028018566,88.63765426344689,2610.329486125294
166,0.0005415765485485989,17.445086651576922,106.01513762330188,87.72174761354113,2608.534294502719
167,0.0005390240377113778,16.999989849957544,103.92064863557563,86.8097519970291,2606.638427118661
168,0.0005303721027092868,16.56969193811384,101.86593417679497,85.90182187094166,2604.6441618457593
169,0.0005280196315160637,16.15368888002265,99.85034165520261,84.99810545584079,2602.5537375755434
170,0.000522680385127791,15.751514665680924,97.8732251516686,84.09874487817876,2600.3693546552176
171,0.0005155896068657685,15.362708559367503,95.93394553679816,83.20387631090578,2598.093175329279
172,0.0005136104467401321,14.986819468560101,94.03187057423872,82.31363011228972,2595.7273241853854
173,0.000507318715232023,14.623427353004201,92.16637501212207,81.42813096291972,2593.2738886039187
174,0.0005033710512965685,14.272110363842028,90.33684066759523,80.54749800086437,2590.734919210665
175,0.0005001977959517395,13.932468677887444,88.542656498006,79.67184495496089,2588.112430332168
176,0.0004974923725648657,13.604114549048697,86.78321866488307,78.80128027621521,2585.4084004531987
177,0.0004946711159643923,13.28667340523207,85.05793058837521,77.93590726729396,2582.6247726759257
178,0.000487540661811159,12.979786752521996,83.36620299318201,77.0758242100938,2579.7634551803544
179,0.0004834649341681939,12.68309659291181,81.70745394760146,76.2211244913757,2576.8263216855826
180,0.0004797759146955547,12.396266614210347,80.08110889282221,75.37189672645391,2573.8152119115316
181,0.0004762427824090275,12.118969332861715,78.48660066706975,74.5282248809325,2570.7319320407473
182,0.00047221668300507797,11.85088857492156,76.9233695220374,73.6901883904836,2567.5782551799384
183,0.00046842708782287847,11.591717317614856,75.39086313315214,72.85786227866436,2564.355921820919
184,0.000466047858468573,11.341158273377392,73.88853660358747,72.0313172727718,2561.0666403006417
185,0.0004633594893499919,11.098926889482465,72.41585246238293,71.21061991773604,2557.7120872600362
186,0.00046108557619159327,10.864745684193812,70.97228065761183,70.39583268805382,2554.2939081013583
187,0.00045507944787447557,10.63835124433903,69.55729854369555,69.58701409776751,2550.8137174438157
188,0.0004525939099943587,10.41947764896588,68.17039086518483,68.78421880849427,2547.273099577199
189,0.00044847311866283836,10.20787998325509,66.81104973374494,67.98749773551322,2543.673608913317
190,0.0004477434837644686,10.003311460653864,65.47877460341161,67.1968981519192,2540.0167704349956
191,0.0004446210723909523,9.805544140404919,64.17307223939933,66.41246379085217,2536.3040801424313
192,0.0004410318602305316,9.61435013924552,62.89345668527203,65.63423494581527,2532.5370054967707
193,0.00043939712158836016,9.429508588252075,61.639449225135806,64.86224856909018,2528.7169858606553
194,0.0004354220086009443,9.250812595060273,60.41057834250367,64.09653836826764,2524.845432935627
195,0.00043303769053423623,9.078054059640548,59.20637967721015,63.33713490090339,2520.9237311962247
196,0.00043252044854515787,8.911035322568962,58.02639597796908,62.584065667316935,2516.9532383206174
197,0.00042697347397505206,8.749572457889863,56.87017705265916,61.83735520154833,2512.9352856176624
198,0.00042493387016526613,8.593472446912905,55.737279717424286,61.09702516048983,2508.871178450261
199,0.0004222493109774893,8.442561092248523,54.62726774075993,60.36309441121009,2504.7621966548736
200,0.00041962313459886595,8.2966652680279,53.53971178779196,59.63557911648874,2500.6095949571454
201,0.0004198265805119943,8.155615510816865,52.47418936145861,58.914492818580705,2496.414603383484
202,0.00041701548789716924,8.019256513010346,51.43028474142268,58.199846521228686,2492.17842766856
203,0.0004154247191242392,7.887428243334815,50.40758892275252,57.491648769944455,2487.9022496586067
204,0.00041522641000854896,7.759979911318029,49.40569955134173,56.78990573057898,2483.587227710482
205,0.0004093825679483442,7.636772942756795,48.424220858447555,56.094621266201784,2479.234497086399
206,0.0004094711138697247,7.517654986017398,47.46276359534873,55.40579701231118,2474.8451703442915
207,0.00040571330440423796,7.4024997257734135,46.520944963514424,54.723432450396245,2470.420337723755
208,0.00040375491049590793,7.291169944500723,45.59838854752049,54.0475249798727,2465.961067527506
209,0.0004036917463299407,7.183538347669045,44.69472424411327,53.37806998841421,2461.468406498341
210,0.00040142023599456866,7.079486067774927,43.80958819152274,52.715060920701816,2456.9433801915607
211,0.00039799556722771586,6.97889316523084,42.94262269839501,52.05848934561338,2452.386993342797
212,0.00039707666600026314,6.881641047690674,42.093476171465085,51.40834502187572,2447.8002302312675
213,0.0003944008731320076,6.787622864568097,41.26180304226794,50.76461596220249,2443.1840550384127
214,0.00039403638735007666,6.696727126855478,40.447263694651824,50.127288495939794,2438.539412201896
215,0.0003920743154909227,6.608853893130052,39.649524390303306,49.49634733024341,2433.8672267649677
216,0.00039309079298543574,6.523898187989715,38.868257195515824,48.87177560980927,2429.1684047212043
217,0.0003912175918564476,6.441768817642232,38.103139905998695,48.25355497518133,2424.4438333545736
218,0.0003894262681751622,6.362368973940187,37.35385597332145,47.64166561965886,2419.6943815748605
219,0.00038727597629202907,6.285608379940921,36.62009442972563,47.036086344826806,2414.9209002484836
220,0.0003860027475336954,6.211398096738187,35.90154981370035,46.43679461473119,2410.1242225246388
221,0.00038610436968222967,6.139652838494095,35.197922095196844,45.84376660872347,2405.3051641568377
222,0.0003829081235987163,6.070295308036133,34.5089166008031,45.256977272995485,2400.464523819859
223,0.00038181244013076103,6.003240860833824,33.83424393994192,44.67640037082873,2395.6030834220683
224,0.00038290216920150666,5.938412799910256,33.17361992978908,44.10200853157952,2390.7216084132124
225,0.0003782081336250789,5.875745028879848,32.526765520990615,43.53377329842336,2385.8208480876087
226,0.0003789477001814783,5.815154725492282,31.893406725011328,42.97166517488015,2380.9015358828783
227,0.00037793227093032867,5.756579854074058,31.273274538764834,42.41565367014296,2375.9643896741154
228,0.0003784680425419719,5.699950184339572,30.666104872651083,41.86570734323182,2371.0101120636095
229,0.0003775335335580306,5.64520403817832,30.071638476841393,41.321793845994954,2366.0393906661243
230,0.0003769014209917351,5.592277093385181,29.48962086924971,40.783879964978745,2361.0528983897652
231,0.0003748237094473259,5.541110627408596,28.919802263039735,40.25193166218798,2356.051293712452
232,0.0003738934966891329,5.491643586136139,28.361937495333162,39.72591411475794,2351.035220954081
233,0.00037261572464494607,5.443820946735189,27.815785955661408,39.20579175355903,2346.005310544322
234,0.00037194828492103597,5.397587111675758,27.281111515614977,38.691528300755195,2340.962179286197
235,0.00037153896106313113,5.352889609532325,26.757682458561483,38.18308680633656,2335.9064306153896
236,0.0003715387457411627,5.309677221231771,26.245271410179043,37.68042968364688,2330.838654855368
237,0.00037073618496897637,5.267901787446792,25.74365526940509,37.18351874392595,2325.759429468352
238,0.00036933739695596736,5.227515372043967,25.252615140197005,36.692315229886965,2320.6693193021692
239,0.00036806794443220304,5.188471105719548,24.771936263745804,36.20677984834891,2315.568876833031
240,0.00036909350225811083,5.150722212570331,24.301407951408116,35.72687280194277,2310.458642404276
241,0.0003687577115676049,5.114229221596857,23.84082351792281,35.25255381991154,2305.33914446113
242,0.0003677475575502596,5.078949751594929,23.38998021607445,34.783782188022734,2300.2108997815285
243,0.0003658658937446102,5.0448436912294286,22.948679171343272,34.32051677761232,2295.0744137030206
244,0.0003672009575280119,5.011867983234605,22.51672531770962,33.86271607377835,2289.9301803458384
245,0.000365334023825896,4.979991372897336,22.093927333266862,33.41033820274297,2284.77868283214
246,0.00036556540855767173,4.949172138019043,21.680097578193788,32.9633409584,2279.620393501502
247,0.0003649319244330759,4.9193780307381445,21.275052031561007,32.52168182806711,2274.455774122684
248,0.00036639610458897366,4.890572047444901,20.878610230383646,32.085318017458874,2269.2852761017284
249,0.00036433149933566013,4.86272690523707,20.49059520812657,31.65420647489866,2264.1093406864243
250,0.00036713566154201733,4.835802390330717,20.11083343559339,31.228303914785776,2258.928399167205
251,0.00036377359404875345,4.809778779746411,19.739154760067162,30.807566840335305,2253.7428730744973
252,0.0003631615831078086,4.784617420587534,19.37539234842371,30.39195156560632,2248.5531743725983
253,0.00036284702024533727,4.760292017632213,19.01938262785725,29.98141423683518,2243.359705650107
254,0.0003656549358069346,4.736771953217153,18.67096522947932,29.575910853089546,2238.1628603069653
255,0.0003643077574782459,4.714037636405453,18.329982931250154,29.17539728625892,2232.963022738147
256,0.0003630986992318597,4.692058797941575,17.996281603298158,28.779829300397118,2227.7605685140525
257,0.0003629219210482524,4.670809431075341,17.66971015237077,28.389162570431633,2222.555864557657
258,0.0003607097525011538,4.650268325671106,17.350120467672987,28.00335270025511,2217.3492693184344
259,0.0003619046942626408,4.63040656791795,17.03736736803006,27.622355240213192,2212.1411329431344
260,0.0003621575208599273,4.6112058162179705,16.731308548441064,27.246125704003422,2206.931797443453
261,0.0003632330265880492,4.592642368813814,16.431804528887497,26.87461958499908,2201.7215968606056
262,0.00036204596043060746,4.57469810327382,16.138718602701218,26.50779237201213,2196.5108574269134
263,0.00036115883054817064,4.557349953994401,15.851916786619618,26.145599564508405,2191.299897724383
264,0.00036221135462023387,4.540576459614232,15.571267770826838,25.787996687289024,2186.0890288403725
265,0.00036294565601320805,4.5243607153024845,15.29664286988826,25.434939304650637,2180.878554520356
266,0.00036259904757152513,4.50868495784352,15.027915974784381,25.08638303403774,2175.668771317855
267,0.0003616185057280759,4.49353083000909,14.764963505421212,24.742283559199503,2170.45996874157
268,0.0003630586707940414,4.478877962033587,14.507664363936966,24.40259664286355,2165.252429399754
269,0.00036475060420821385,4.464711783419113,14.255899888319329,24.067278138938967,2160.04642914188
270,0.0003631041044047494,4.451019701326938,14.009553807247556,23.73628400426041,2154.84223719761
271,0.0003614661707991873,4.437782723255361,13.768512195842499,23.409570309884824,2149.6401163132027
272,0.0003617421953728528,4.42498381834217,13.532663431380312,23.087093251952755,2144.4403228852702
273,0.00036254339586746625,4.412609752732262,13.301898149989066,22.768809162124835,2139.2431070920234
274,0.00036253855696993467,4.400647720981955,13.07610920426464,22.454674517605074,2134.048713022029
275,0.00036127983791066245,4.389084504063488,12.855191621458632,22.144645950761333,2128.8573788004896
276,0.0003617290048505988,4.37790392740618,12.639042562418767,21.83868025835383,2123.669336713095
277,0.0003628655387319761,4.367094238019338,12.427561280761651,21.53673441038188,2118.484813327532
278,0.00036268367562111194,4.356645092725765,12.220649083168102,21.238765558559244,2113.304029612626
279,0.00036580420675228707,4.346539931915763,12.018209290540504,20.944731044427627,2108.1272010551893
280,0.0003641092866655707,4.336775331956092,11.8201471986164,20.654588407118656,2102.9545377746203
281,0.0003662844120203313,4.3273314487163,11.626370041390658,20.36829539077332,2097.7862446352688
282,0.0003635358593280672,4.318206288901217,11.436786952347068,20.085809951628608,2092.6225213566254
283,0.000365309461391363,4.3093799773662305,11.251308929421235,19.807090264780108,2087.463562621369
284,0.0003632759568971889,4.300850761450177,11.06984879740412,19.532094730630053,2082.3095581812904
285,0.0003651461291211767,4.292601182816252,10.892321174058981,19.260781981028924,2077.1606929611585
286,0.0003666461594178008,4.284626092207069,10.718642434099362,18.993110885119805,2072.017147160553
287,0.00036637458129444854,4.276917781064475,10.54873067567155,18.729040554893174,2066.8790963536794
288,0.0003666413666868105,4.269465131996881,10.382505686807493,18.468530350461176,2061.7467115872305
289,0.0003650221998922745,4.26226205481919,10.219888912048019,18.21153988505852,2056.6201594763324
290,0.00037005529267672166,4.255291779308915,10.060803420720545,17.95802902977845,2051.499602298554
291,0.00036743852691149446,4.248560650169106,9.905173873575402,17.70795791805132,2046.3851980861034
292,0.0003687005616297886,4.242049444653783,9.752926493669966,17.46128694987295,2041.2771007161623
293,0.0003672800651837566,4.235757286509627,9.603989033668357,17.217976795790534,2036.1754599994356
294,0.00036822910902522085,4.229671932754852,9.458290746981483,16.977988400652976,2031.0804217669381
295,0.0003687771526588023,4.223789202349718,9.315762357246278,16.74128298713269,2025.9921279550465
296,0.00036930974814899963,4.218101989057417,9.176336029700115,16.50782205902587,2020.910716688855
297,0.0003702773703248327,4.212603345073901,9.03994534244903,16.277567404337507,2015.8363223638614
298,0.0003722490610574603,4.207286419957886,8.906525258393907,16.050481098158254,2010.769075726017
299,0.00037058585953649747,4.202149780264745,8.776012097423106,15.82652550533885,2005.7091039501568
300,0.0003719513907583135,4.197180891274316,8.64834351009358,15.605663282968928,2000.6565307168723
301,0.0003733118125979857,4.192377111284627,8.523458450112777,15.387857382665882,1995.6114762878153
302,0.0003741048508916118,4.187733515543015,8.40129714880547,15.17307105267984,1990.574057579486
303,0.0003736870116171343,4.183245442880183,8.281801089396131,14.961267839820609,1985.5443882355412
304,0.0003738634090494227,4.1789059597062455,8.1649129819944,14.752411591212086,1980.5225786976193
305,0.0003767073660490807,4.174708034649783,8.050576738832426,14.546466455879802,1975.5087362747465
306,0.0003751282925060861,4.170653965445326,7.938737449628694,14.343396886176897,1970.5029652113142
307,0.0003748342896822084,4.166733409851817,7.8293413588345,14.143167639053788,1965.5053667536922
308,0.00037551052870534493,4.162942202837253,7.722335841466203,13.94574377717664,1960.516039215469
309,0.00037484528189584874,4.159278325246519,7.617669380414615,13.751090669899655,1955.5350780413744
310,0.00037844644794302713,4.1557319818732275,7.515291544456785,13.559173994096039,1950.5625758698816
311,0.0003773758683843985,4.152308063390233,7.415152965205571,13.369959734852468,1945.5986225945376
312,0.00037991544510402664,4.1489943741488355,7.317205316964993,13.183414186031506,1940.6433054240379
313,0.0003799877303235545,4.1457932085690254,7.221401294085357,12.999503950706682,1935.6967089410575
314,0.0003810618911367787,4.1426974397525616,7.12769459127271,12.818195941474576,1930.7589151598925
315,0.000381977367238187,4.13970469229937,7.036039882541718,12.639457380648087,1925.8300035828872
316,0.0003805963532115075,4.1368136856177085,6.946392801378946,12.463255800335306,1920.9100512557266
317,0.0003835543689678058,4.134014478995225,6.858709921574621,12.289559042407747,1915.999132821573
318,0.0003856422407592475,4.131309086798578,6.772948737022012,12.118335258362224,1911.0973205740859
319,0.00038379974704196625,4.128697480529306,6.689067643491676,11.949552909080053,1906.2046845093482
320,0.00038555112566514656,4.126169149392574,6.6070259205171,11.78318076448736,1901.321292376718
321,0.00038443656150778004,4.123727666543447,6.526783712097675,11.619187903120281,1896.4472097286177
322,0.00038909057813759485,4.121361606039061,6.448302010257106,11.457543711598422,1891.582499969303
323,0.000386357754512657,4.1190814256596955,6.371542635863271,11.298217884010269,1886.7272244026053
324,0.0003863547550465152,4.116874399684219,6.296468223626309,11.141180421213846,1881.8814422786868
325,0.00038786301484787874,4.114739224846485,6.2230422036969095,10.986401630055832,1877.0452108398215
326,0.0003902586802753352,4.112674086954778,6.151228785773453,10.833852122512514,1872.218585365222
327,0.0003874127346499143,4.1106827582691405,6.080992942684282,10.683502814755558,1867.4016192149295
328,0.00038818259920371095,4.108754102238014,6.012300395544645,10.535324926145671,1862.5943638727801
329,0.000390544745247746,4.106887939505148,5.945117597032793,10.389289978157159,1857.7968689884826
330,0.00039033683463417603,4.105086302840933,5.879411716605405,10.245369793236184,1853.0091824188085
331,0.0003950008342156648,4.103339690939993,5.815150626256568,10.103536493595607,1848.2313502679183
332,0.00039055676964715186,4.101660093888416,5.7523028843433055,9.96376249994899,1843.4634169268406
333,0.0003940503212438993,4.100028540791462,5.690837723776275,9.826020530186476,1838.705425112126
334,0.0003932495995663025,4.098455403679072,5.630725035112668,9.690283597995203,1833.957415903683
335,0.00039434549457317906,4.096932692750991,5.571935355088093,9.556525011426602,1829.2194287818181
336,0.0003971357645386098,4.095458871419996,5.514439851955172,9.4247183714131,1824.4915016634939
337,0.0003958590613560745,4.094038020262858,5.458210312315305,9.294837570236467,1819.7736709378266
338,0.0003971331018369102,4.092661896063059,5.403219129042778,9.166856789950241,1815.0659715008278
339,0.0003979208832238611,4.091331964800924,5.349439287540274,9.040750500758397,1810.3684367894155
340,0.00040009778967530624,4.090044832048975,5.296844354014267,8.916493459352365,1805.6810988147026
341,0.00039939017075072845,4.088803303194266,5.245408462760861,8.794060707208557,1801.0039881945822
342,0.0004025853883940469,4.087599170876911,5.195106305069628,8.673427568848389,1796.3371341856223
343,0.0004051117991036702,4.086435634476771,5.145913116440438,8.554569650062822,1791.680564714277
344,0.0004039284029786547,4.085314408270477,5.097804665752941,8.437462836103359,1787.0343064074445
345,0.00040300638033309187,4.084230238108873,5.050757244311815,8.322083289841196,1782.3983846223675
346,0.0004057415533185863,4.083178487859605,5.004747654479457,8.208407449896493,1777.772823475901
347,0.0004073691717477805,4.0821627235789215,4.95975319852694,8.096412028739556,1773.1576458731577
348,0.0004077847642937627,4.081181890661235,4.915751668707695,7.986074010765392,1768.5528735355333
349,0.0004063825992785622,4.080235474307341,4.872721336663072,7.877370650343501,1763.9585270281448
350,0.00040868912738754095,4.079316864472338,4.8306409436207804,7.770279469844407,1759.3746257866762
351,0.0004083802978843279,4.078431338203315,4.789489689579158,7.664778257644478,1754.8011881436555
352,0.0004072672997060139,4.077576071711405,4.749247224575945,7.560845066110515,1750.2382313541593
353,0.0004098540500678329,4.076745581993953,4.709893638897829,7.458458209565629,1745.6857716209806
354,0.0004139233639350345,4.075941140016841,4.671409453282318,7.35759626223771,1741.143824119243
355,0.00041175043614763977,4.075169556094012,4.633775609838094,7.25823805619193,1736.6124030204967
356,0.00041296796559532953,4.074420312570489,4.596973464243208,7.160362679248496,1732.0915215162925
357,0.00041400122938910726,4.073696129269546,4.560984775447632,7.063949472887096,1727.5811918412503
358,0.0004181089544368632,4.072992920638595,4.525791698093632,6.968978030139054,1723.0814252956313
359,0.0004160383372708987,4.07231914076117,4.491376773130926,6.875428193468557,1718.5922322674237
360,0.00041845067598869374,4.071663355172406,4.457722921221051,6.783280052644,1714.1136222539558
361,0.0004198929168887252,4.071030270252105,4.424813432849677,6.692513942600627,1709.645603883031
362,0.0004174087170280837,4.070422120368622,4.392631961368171,6.603110441295505,1705.1881849336248
363,0.00042174959471245817,4.069827455328609,4.36116251583309,6.515050367555871,1700.7413723561228
364,0.00042079291778365297,4.069257723458101,4.330389451564078,6.428314778921892,1696.3051722921227
365,0.00042287519157407325,4.068703935330748,4.300297464938557,6.342884969484755,1691.87959009381
